Workbook

Sheet Test Cases
A1: TEST_CASE_ID | B1: TEST_DESCRIPTION | C1: EXPECTED_BEHAVIOR | D1: DATE_PREFIX | E1: ROW_ID | F1: EXTERNAL_SHIPMENT_ID | G1: EXTERNAL_TENDER_ID | H1: TYPE | I1: STATUS | J1: CONTRACT_TYPE | K1: MODE | L1: EQUIPMENT_TYPE | M1: LENGTH_OF_HAUL_VALUE | N1: LENGTH_OF_HAUL_UNIT | O1: WEIGHT_VALUE | P1: WEIGHT_UNIT | Q1: CARRIER_NAME | R1: CARRIER_EXTERNAL_REFERENCE | S1: CARRIER_DOT | T1: CARRIER_SCAC | U1: CARRIER_DOCKET | V1: ORIGIN_SEQUENCE_NUMBER | W1: ORIGIN_STOP_TYPE | X1: ORIGIN_LOADING_TYPE | Y1: ORIGIN_LOCATION_NAME | Z1: ORIGIN_LOCATION_CODE | AA1: ORIGIN_LOCATION_ADDRESS1 | AB1: ORIGIN_LOCATION_ADDRESS2 | AC1: ORIGIN_LOCATION_CITY | AD1: ORIGIN_LOCATION_STATE | AE1: ORIGIN_LOCATION_POSTAL_CODE | AF1: ORIGIN_LOCATION_COUNTRY_CODE | AG1: ORIGIN_APPOINTMENT_TYPE | AH1: ORIGIN_APPOINTMENT_SCHEDULED_EARLIEST | AI1: ORIGIN_APPOINTMENT_SCHEDULED_LATEST | AJ1: ORIGIN_APPOINTMENT_ORIGINAL_EARLIEST | AK1: ORIGIN_APPOINTMENT_ORIGINAL_LATEST | AL1: ORIGIN_ACTUAL_ARRIVED_AT | AM1: ORIGIN_ACTUAL_DEPARTED_AT | AN1: ORIGIN_NOTES | AO1: DESTINATION_SEQUENCE_NUMBER | AP1: DESTINATION_STOP_TYPE | AQ1: DESTINATION_LOADING_TYPE | AR1: DESTINATION_LOCATION_NAME | AS1: DESTINATION_LOCATION_CODE | AT1: DESTINATION_LOCATION_ADDRESS1 | AU1: DESTINATION_LOCATION_ADDRESS2 | AV1: DESTINATION_LOCATION_CITY | AW1: DESTINATION_LOCATION_STATE | AX1: DESTINATION_LOCATION_POSTAL_CODE | AY1: DESTINATION_LOCATION_COUNTRY_CODE | AZ1: DESTINATION_APPOINTMENT_TYPE | BA1: DESTINATION_APPOINTMENT_SCHEDULED_EARLIEST | BB1: DESTINATION_APPOINTMENT_SCHEDULED_LATEST | BC1: DESTINATION_APPOINTMENT_ORIGINAL_EARLIEST | BD1: DESTINATION_APPOINTMENT_ORIGINAL_LATEST | BE1: DESTINATION_ACTUAL_ARRIVED_AT | BF1: DESTINATION_ACTUAL_DEPARTED_AT | BG1: DESTINATION_NOTES
A2: TC01 | B2: New Location - Clean Address | C2: Creates new NormalizedLocation with Google Places normalized data, lat/long populated | D2: 20251229 | E2: 1 | F2: =D2&"-SHIP-"&TEXT(E2,"000") -> 20251229-SHIP-001 | G2: =D2&"-TNDR-"&TEXT(E2,"000") -> 20251229-TNDR-001 | H2: SHIPMENT | I2: COMPLETED | J2: SPOT | K2: TRUCKLOAD | L2: DRY_VAN | M2: 500 | N2: MILES | O2: 40000 | P2: LB | Q2: Test Carrier 1 Inc | R2: CAR1 | V2: 1 | W2: PICKUP | X2: LIVE | Y2: Amazon OAK4 | Z2: OAK4 | AA2: 1555 N. Chrisman Road | AC2: Tracy | AD2: CA | AE2: 95304 | AF2: US | AG2: APPOINTMENT | AH2: 2025-01-15T08:00:00Z | AI2: 2025-01-15T10:00:00Z | AJ2: 2025-01-15T08:00:00Z | AK2: 2025-01-15T10:00:00Z | AL2: 2025-01-15T08:00:00Z | AM2: 2025-01-15T08:30:00Z | AO2: 2 | AP2: DELIVERY | AQ2: LIVE | AR2: Target DC Columbus | AS2: TGT-COL | AT2: 1501 Gateway Cir | AV2: Grove City | AW2: OH | AX2: 43123 | AY2: US | AZ2: APPOINTMENT | BA2: 2025-01-17T10:00:00Z | BB2: 2025-01-17T14:00:00Z | BC2: 2025-01-17T10:00:00Z | BD2: 2025-01-17T14:00:00Z | BE2: 2025-01-17T10:00:00Z | BF2: 2025-01-17T10:30:00Z
A3: TC02 | B3: Dedup - Exact Same Address | C3: Reuses existing NormalizedLocation from TC01 origin (Amazon OAK4) | D3: 20251229 | E3: 2 | F3: =D3&"-SHIP-"&TEXT(E3,"000") -> 20251229-SHIP-002 | G3: =D3&"-TNDR-"&TEXT(E3,"000") -> 20251229-TNDR-002 | H3: SHIPMENT | I3: COMPLETED | J3: SPOT | K3: TRUCKLOAD | L3: DRY_VAN | M3: 500 | N3: MILES | O3: 40000 | P3: LB | Q3: Test Carrier 2 Inc | R3: CAR2 | V3: 1 | W3: PICKUP | X3: LIVE | Y3: Amazon OAK4 | Z3: OAK4 | AA3: 1555 N. Chrisman Road | AC3: Tracy | AD3: CA | AE3: 95304 | AF3: US | AG3: APPOINTMENT | AH3: 2025-01-15T08:00:00Z | AI3: 2025-01-15T10:00:00Z | AJ3: 2025-01-15T08:00:00Z | AK3: 2025-01-15T10:00:00Z | AL3: 2025-01-15T08:00:00Z | AM3: 2025-01-15T08:30:00Z | AO3: 2 | AP3: DELIVERY | AQ3: LIVE | AR3: Walmart DC Phoenix | AS3: WM-PHX | AT3: 5765 W Lower Buckeye Rd | AV3: Phoenix | AW3: AZ | AX3: 85043 | AY3: US | AZ3: APPOINTMENT | BA3: 2025-01-17T10:00:00Z | BB3: 2025-01-17T14:00:00Z | BC3: 2025-01-17T10:00:00Z | BD3: 2025-01-17T14:00:00Z | BE3: 2025-01-17T10:00:00Z | BF3: 2025-01-17T10:30:00Z
A4: TC03 | B4: Variation: "Road" vs "Rd" | C4: Google Places normalizes both to same format - should match TC01 origin | D4: 20251229 | E4: 3 | F4: =D4&"-SHIP-"&TEXT(E4,"000") -> 20251229-SHIP-003 | G4: =D4&"-TNDR-"&TEXT(E4,"000") -> 20251229-TNDR-003 | H4: SHIPMENT | I4: COMPLETED | J4: SPOT | K4: TRUCKLOAD | L4: DRY_VAN | M4: 500 | N4: MILES | O4: 40000 | P4: LB | Q4: Test Carrier 1 Inc | R4: CAR1 | V4: 1 | W4: PICKUP | X4: LIVE | Y4: Tracy Warehouse | Z4: TRC-WH | AA4: 1555 N. Chrisman Rd | AC4: Tracy | AD4: CA | AE4: 95304 | AF4: US | AG4: APPOINTMENT | AH4: 2025-01-15T08:00:00Z | AI4: 2025-01-15T10:00:00Z | AJ4: 2025-01-15T08:00:00Z | AK4: 2025-01-15T10:00:00Z | AL4: 2025-01-15T08:00:00Z | AM4: 2025-01-15T08:30:00Z | AO4: 2 | AP4: DELIVERY | AQ4: LIVE | AR4: Phoenix Hub | AS4: PHX-HUB | AT4: 2700 S 24th St | AV4: Phoenix | AW4: AZ | AX4: 85034 | AY4: US | AZ4: APPOINTMENT | BA4: 2025-01-17T10:00:00Z | BB4: 2025-01-17T14:00:00Z | BC4: 2025-01-17T10:00:00Z | BD4: 2025-01-17T14:00:00Z | BE4: 2025-01-17T10:00:00Z | BF4: 2025-01-17T10:30:00Z
A5: TC04 | B5: Variation: "Road" spelled out fully | C5: Should match TC01 - "Road" normalized same as "Rd" | D5: 20251229 | E5: 4 | F5: =D5&"-SHIP-"&TEXT(E5,"000") -> 20251229-SHIP-004 | G5: =D5&"-TNDR-"&TEXT(E5,"000") -> 20251229-TNDR-004 | H5: SHIPMENT | I5: COMPLETED | J5: SPOT | K5: TRUCKLOAD | L5: DRY_VAN | M5: 500 | N5: MILES | O5: 40000 | P5: LB | Q5: Test Carrier 2 Inc | R5: CAR2 | V5: 1 | W5: PICKUP | X5: LIVE | Y5: Chrisman Road Facility | Z5: CRF-001 | AA5: 1555 North Chrisman Road | AC5: Tracy | AD5: CA | AE5: 95304 | AF5: US | AG5: APPOINTMENT | AH5: 2025-01-15T08:00:00Z | AI5: 2025-01-15T10:00:00Z | AJ5: 2025-01-15T08:00:00Z | AK5: 2025-01-15T10:00:00Z | AL5: 2025-01-15T08:00:00Z | AM5: 2025-01-15T08:30:00Z | AO5: 2 | AP5: DELIVERY | AQ5: LIVE | AR5: Dallas Terminal | AS5: DAL-TRM | AT5: 8250 N Stemmons Fwy | AV5: Dallas | AW5: TX | AX5: 75247 | AY5: US | AZ5: APPOINTMENT | BA5: 2025-01-17T10:00:00Z | BB5: 2025-01-17T14:00:00Z | BC5: 2025-01-17T10:00:00Z | BD5: 2025-01-17T14:00:00Z | BE5: 2025-01-17T10:00:00Z | BF5: 2025-01-17T10:30:00Z
A6: TC05 | B6: New Location - Avenue address (baseline) | C6: Creates new NormalizedLocation for 275 Omar Avenue | D6: 20251229 | E6: 5 | F6: =D6&"-SHIP-"&TEXT(E6,"000") -> 20251229-SHIP-005 | G6: =D6&"-TNDR-"&TEXT(E6,"000") -> 20251229-TNDR-005 | H6: SHIPMENT | I6: COMPLETED | J6: SPOT | K6: TRUCKLOAD | L6: DRY_VAN | M6: 500 | N6: MILES | O6: 40000 | P6: LB | Q6: Test Carrier 1 Inc | R6: CAR1 | V6: 1 | W6: PICKUP | X6: LIVE | Y6: Amazon EWR6 | Z6: EWR6 | AA6: 275 Omar Avenue | AC6: Avenel | AD6: NJ | AE6: 07001 | AF6: US | AG6: APPOINTMENT | AH6: 2025-01-15T08:00:00Z | AI6: 2025-01-15T10:00:00Z | AJ6: 2025-01-15T08:00:00Z | AK6: 2025-01-15T10:00:00Z | AL6: 2025-01-15T08:00:00Z | AM6: 2025-01-15T08:30:00Z | AO6: 2 | AP6: DELIVERY | AQ6: LIVE | AR6: Memphis Sort | AS6: MEM-SRT | AT6: 2777 Pilot Dr | AV6: Memphis | AW6: TN | AX6: 38118 | AY6: US | AZ6: APPOINTMENT | BA6: 2025-01-17T10:00:00Z | BB6: 2025-01-17T14:00:00Z | BC6: 2025-01-17T10:00:00Z | BD6: 2025-01-17T14:00:00Z | BE6: 2025-01-17T10:00:00Z | BF6: 2025-01-17T10:30:00Z
A7: TC06 | B7: Variation: "Ave" vs "Avenue" | C7: Should match TC05 origin - "Ave" normalized to "Avenue" | D7: 20251229 | E7: 6 | F7: =D7&"-SHIP-"&TEXT(E7,"000") -> 20251229-SHIP-006 | G7: =D7&"-TNDR-"&TEXT(E7,"000") -> 20251229-TNDR-006 | H7: SHIPMENT | I7: COMPLETED | J7: SPOT | K7: TRUCKLOAD | L7: DRY_VAN | M7: 500 | N7: MILES | O7: 40000 | P7: LB | Q7: Test Carrier 2 Inc | R7: CAR2 | V7: 1 | W7: PICKUP | X7: LIVE | Y7: Avenel Warehouse | Z7: AVN-WH | AA7: 275 Omar Ave | AC7: Avenel | AD7: NJ | AE7: 07001 | AF7: US | AG7: APPOINTMENT | AH7: 2025-01-15T08:00:00Z | AI7: 2025-01-15T10:00:00Z | AJ7: 2025-01-15T08:00:00Z | AK7: 2025-01-15T10:00:00Z | AL7: 2025-01-15T08:00:00Z | AM7: 2025-01-15T08:30:00Z | AO7: 2 | AP7: DELIVERY | AQ7: LIVE | AR7: Nashville Hub | AS7: BNA-HUB | AT7: 50 Airways Blvd | AV7: Nashville | AW7: TN | AX7: 37217 | AY7: US | AZ7: APPOINTMENT | BA7: 2025-01-17T10:00:00Z | BB7: 2025-01-17T14:00:00Z | BC7: 2025-01-17T10:00:00Z | BD7: 2025-01-17T14:00:00Z | BE7: 2025-01-17T10:00:00Z | BF7: 2025-01-17T10:30:00Z
A8: TC07 | B8: Variation: "Av" vs "Avenue" | C8: Should match TC05 origin - "Av" normalized to "Avenue" | D8: 20251229 | E8: 7 | F8: =D8&"-SHIP-"&TEXT(E8,"000") -> 20251229-SHIP-007 | G8: =D8&"-TNDR-"&TEXT(E8,"000") -> 20251229-TNDR-007 | H8: SHIPMENT | I8: COMPLETED | J8: SPOT | K8: TRUCKLOAD | L8: DRY_VAN | M8: 500 | N8: MILES | O8: 40000 | P8: LB | Q8: Test Carrier 1 Inc | R8: CAR1 | V8: 1 | W8: PICKUP | X8: LIVE | Y8: NJ Distribution | Z8: NJ-DIST | AA8: 275 Omar Av | AC8: Avenel | AD8: NJ | AE8: 07001 | AF8: US | AG8: APPOINTMENT | AH8: 2025-01-15T08:00:00Z | AI8: 2025-01-15T10:00:00Z | AJ8: 2025-01-15T08:00:00Z | AK8: 2025-01-15T10:00:00Z | AL8: 2025-01-15T08:00:00Z | AM8: 2025-01-15T08:30:00Z | AO8: 2 | AP8: DELIVERY | AQ8: LIVE | AR8: Atlanta DC | AS8: ATL-DC | AT8: 4100 Wendell Dr SW | AV8: Atlanta | AW8: GA | AX8: 30336 | AY8: US | AZ8: APPOINTMENT | BA8: 2025-01-17T10:00:00Z | BB8: 2025-01-17T14:00:00Z | BC8: 2025-01-17T10:00:00Z | BD8: 2025-01-17T14:00:00Z | BE8: 2025-01-17T10:00:00Z | BF8: 2025-01-17T10:30:00Z
A9: TC08 | B9: New Location - Street address (baseline) | C9: Creates new NormalizedLocation for 38811 Cherry Street | D9: 20251229 | E9: 8 | F9: =D9&"-SHIP-"&TEXT(E9,"000") -> 20251229-SHIP-008 | G9: =D9&"-TNDR-"&TEXT(E9,"000") -> 20251229-TNDR-008 | H9: SHIPMENT | I9: COMPLETED | J9: SPOT | K9: TRUCKLOAD | L9: DRY_VAN | M9: 500 | N9: MILES | O9: 40000 | P9: LB | Q9: Test Carrier 2 Inc | R9: CAR2 | V9: 1 | W9: PICKUP | X9: LIVE | Y9: Amazon OAK5 | Z9: OAK5 | AA9: 38811 Cherry Street | AC9: Newark | AD9: CA | AE9: 94560 | AF9: US | AG9: APPOINTMENT | AH9: 2025-01-15T08:00:00Z | AI9: 2025-01-15T10:00:00Z | AJ9: 2025-01-15T08:00:00Z | AK9: 2025-01-15T10:00:00Z | AL9: 2025-01-15T08:00:00Z | AM9: 2025-01-15T08:30:00Z | AO9: 2 | AP9: DELIVERY | AQ9: LIVE | AR9: Houston Terminal | AS9: HOU-TRM | AT9: 14444 Will Clayton Pkwy | AV9: Houston | AW9: TX | AX9: 77032 | AY9: US | AZ9: APPOINTMENT | BA9: 2025-01-17T10:00:00Z | BB9: 2025-01-17T14:00:00Z | BC9: 2025-01-17T10:00:00Z | BD9: 2025-01-17T14:00:00Z | BE9: 2025-01-17T10:00:00Z | BF9: 2025-01-17T10:30:00Z
A10: TC09 | B10: Variation: "St" vs "Street" | C10: Should match TC08 origin - "St" normalized to "Street" | D10: 20251229 | E10: 9 | F10: =D10&"-SHIP-"&TEXT(E10,"000") -> 20251229-SHIP-009 | G10: =D10&"-TNDR-"&TEXT(E10,"000") -> 20251229-TNDR-009 | H10: SHIPMENT | I10: COMPLETED | J10: SPOT | K10: TRUCKLOAD | L10: DRY_VAN | M10: 500 | N10: MILES | O10: 40000 | P10: LB | Q10: Test Carrier 1 Inc | R10: CAR1 | V10: 1 | W10: PICKUP | X10: LIVE | Y10: Newark Fulfillment | Z10: NWK-FC | AA10: 38811 Cherry St | AC10: Newark | AD10: CA | AE10: 94560 | AF10: US | AG10: APPOINTMENT | AH10: 2025-01-15T08:00:00Z | AI10: 2025-01-15T10:00:00Z | AJ10: 2025-01-15T08:00:00Z | AK10: 2025-01-15T10:00:00Z | AL10: 2025-01-15T08:00:00Z | AM10: 2025-01-15T08:30:00Z | AO10: 2 | AP10: DELIVERY | AQ10: LIVE | AR10: Orlando DC | AS10: ORL-DC | AT10: 12340 Boggy Creek Rd | AV10: Orlando | AW10: FL | AX10: 32824 | AY10: US | AZ10: APPOINTMENT | BA10: 2025-01-17T10:00:00Z | BB10: 2025-01-17T14:00:00Z | BC10: 2025-01-17T10:00:00Z | BD10: 2025-01-17T14:00:00Z | BE10: 2025-01-17T10:00:00Z | BF10: 2025-01-17T10:30:00Z
A11: TC10 | B11: New Location - Drive address (baseline) | C11: Creates new NormalizedLocation for 255 Park Center Drive | D11: 20251229 | E11: 10 | F11: =D11&"-SHIP-"&TEXT(E11,"000") -> 20251229-SHIP-010 | G11: =D11&"-TNDR-"&TEXT(E11,"000") -> 20251229-TNDR-010 | H11: SHIPMENT | I11: COMPLETED | J11: SPOT | K11: TRUCKLOAD | L11: DRY_VAN | M11: 500 | N11: MILES | O11: 40000 | P11: LB | Q11: Test Carrier 2 Inc | R11: CAR2 | V11: 1 | W11: PICKUP | X11: LIVE | Y11: Amazon OAK3 | Z11: OAK3 | AA11: 255 Park Center Drive | AC11: Patterson | AD11: CA | AE11: 95363 | AF11: US | AG11: APPOINTMENT | AH11: 2025-01-15T08:00:00Z | AI11: 2025-01-15T10:00:00Z | AJ11: 2025-01-15T08:00:00Z | AK11: 2025-01-15T10:00:00Z | AL11: 2025-01-15T08:00:00Z | AM11: 2025-01-15T08:30:00Z | AO11: 2 | AP11: DELIVERY | AQ11: LIVE | AR11: Chicago Hub | AS11: CHI-HUB | AT11: 1650 Glenn Curtiss St | AV11: Elk Grove Village | AW11: IL | AX11: 60007 | AY11: US | AZ11: APPOINTMENT | BA11: 2025-01-17T10:00:00Z | BB11: 2025-01-17T14:00:00Z | BC11: 2025-01-17T10:00:00Z | BD11: 2025-01-17T14:00:00Z | BE11: 2025-01-17T10:00:00Z | BF11: 2025-01-17T10:30:00Z
A12: TC11 | B12: Variation: "Dr" vs "Drive" | C12: Should match TC10 origin - "Dr" normalized to "Drive" | D12: 20251229 | E12: 11 | F12: =D12&"-SHIP-"&TEXT(E12,"000") -> 20251229-SHIP-011 | G12: =D12&"-TNDR-"&TEXT(E12,"000") -> 20251229-TNDR-011 | H12: SHIPMENT | I12: COMPLETED | J12: SPOT | K12: TRUCKLOAD | L12: DRY_VAN | M12: 500 | N12: MILES | O12: 40000 | P12: LB | Q12: Test Carrier 1 Inc | R12: CAR1 | V12: 1 | W12: PICKUP | X12: LIVE | Y12: Patterson DC | Z12: PAT-DC | AA12: 255 Park Center Dr | AC12: Patterson | AD12: CA | AE12: 95363 | AF12: US | AG12: APPOINTMENT | AH12: 2025-01-15T08:00:00Z | AI12: 2025-01-15T10:00:00Z | AJ12: 2025-01-15T08:00:00Z | AK12: 2025-01-15T10:00:00Z | AL12: 2025-01-15T08:00:00Z | AM12: 2025-01-15T08:30:00Z | AO12: 2 | AP12: DELIVERY | AQ12: LIVE | AR12: Denver Crossdock | AS12: DEN-CD | AT12: 18901 E 39th Ave | AV12: Denver | AW12: CO | AX12: 80249 | AY12: US | AZ12: APPOINTMENT | BA12: 2025-01-17T10:00:00Z | BB12: 2025-01-17T14:00:00Z | BC12: 2025-01-17T10:00:00Z | BD12: 2025-01-17T14:00:00Z | BE12: 2025-01-17T10:00:00Z | BF12: 2025-01-17T10:30:00Z
A13: TC12 | B13: New Location - Boulevard address (baseline) | C13: Creates new NormalizedLocation for 50 Airways Blvd | D13: 20251229 | E13: 12 | F13: =D13&"-SHIP-"&TEXT(E13,"000") -> 20251229-SHIP-012 | G13: =D13&"-TNDR-"&TEXT(E13,"000") -> 20251229-TNDR-012 | H13: SHIPMENT | I13: COMPLETED | J13: SPOT | K13: TRUCKLOAD | L13: DRY_VAN | M13: 500 | N13: MILES | O13: 40000 | P13: LB | Q13: Test Carrier 2 Inc | R13: CAR2 | V13: 1 | W13: PICKUP | X13: LIVE | Y13: Amazon BNA5 | Z13: BNA5 | AA13: 50 Airways Blvd | AC13: Nashville | AD13: TN | AE13: 37217 | AF13: US | AG13: APPOINTMENT | AH13: 2025-01-15T08:00:00Z | AI13: 2025-01-15T10:00:00Z | AJ13: 2025-01-15T08:00:00Z | AK13: 2025-01-15T10:00:00Z | AL13: 2025-01-15T08:00:00Z | AM13: 2025-01-15T08:30:00Z | AO13: 2 | AP13: DELIVERY | AQ13: LIVE | AR13: Jacksonville FC | AS13: JAX-FC | AT13: 12900 Pecan Park Road | AV13: Jacksonville | AW13: FL | AX13: 32218 | AY13: US | AZ13: APPOINTMENT | BA13: 2025-01-17T10:00:00Z | BB13: 2025-01-17T14:00:00Z | BC13: 2025-01-17T10:00:00Z | BD13: 2025-01-17T14:00:00Z | BE13: 2025-01-17T10:00:00Z | BF13: 2025-01-17T10:30:00Z
... A28: TC27 | B28: Variation: lowercase "suite" | C28: Should match TC25 - case insensitive normalization | D28: 20251229 | E28: 27 | F28: =D28&"-SHIP-"&TEXT(E28,"000") -> 20251229-SHIP-027 | G28: =D28&"-TNDR-"&TEXT(E28,"000") -> 20251229-TNDR-027 | H28: SHIPMENT | I28: COMPLETED | J28: SPOT | K28: TRUCKLOAD | L28: DRY_VAN | M28: 500 | N28: MILES | O28: 40000 | P28: LB | Q28: Test Carrier 1 Inc | R28: CAR1 | V28: 1 | W28: PICKUP | X28: LIVE | Y28: WA State Warehouse | Z28: WA-WH | AA28: 1227 124th Ave NE suite a200 | AC28: Bellevue | AD28: WA | AE28: 98005 | AF28: US | AG28: APPOINTMENT | AH28: 2025-01-15T08:00:00Z | AI28: 2025-01-15T10:00:00Z | AJ28: 2025-01-15T08:00:00Z | AK28: 2025-01-15T10:00:00Z | AL28: 2025-01-15T08:00:00Z | AM28: 2025-01-15T08:30:00Z | AO28: 2 | AP28: DELIVERY | AQ28: LIVE | AR28: Kent Fulfillment | AS28: KNT-FC | AT28: 20202 84th Avenue South | AV28: Kent | AW28: WA | AX28: 98032 | AY28: US | AZ28: APPOINTMENT | BA28: 2025-01-17T10:00:00Z | BB28: 2025-01-17T14:00:00Z | BC28: 2025-01-17T10:00:00Z | BD28: 2025-01-17T14:00:00Z | BE28: 2025-01-17T10:00:00Z | BF28: 2025-01-17T10:30:00Z
A29: TC28 | B29: Same address, different address2 (Dock A) | C29: Should match TC01 - address2 NOT used in deduplication per recent AC update | D29: 20251229 | E29: 28 | F29: =D29&"-SHIP-"&TEXT(E29,"000") -> 20251229-SHIP-028 | G29: =D29&"-TNDR-"&TEXT(E29,"000") -> 20251229-TNDR-028 | H29: SHIPMENT | I29: COMPLETED | J29: SPOT | K29: TRUCKLOAD | L29: DRY_VAN | M29: 500 | N29: MILES | O29: 40000 | P29: LB | Q29: Test Carrier 2 Inc | R29: CAR2 | V29: 1 | W29: PICKUP | X29: LIVE | Y29: Amazon OAK4 Receiving | Z29: OAK4-REC | AA29: 1555 N. Chrisman Road | AB29: Dock A | AC29: Tracy | AD29: CA | AE29: 95304 | AF29: US | AG29: APPOINTMENT | AH29: 2025-01-15T08:00:00Z | AI29: 2025-01-15T10:00:00Z | AJ29: 2025-01-15T08:00:00Z | AK29: 2025-01-15T10:00:00Z | AL29: 2025-01-15T08:00:00Z | AM29: 2025-01-15T08:30:00Z | AO29: 2 | AP29: DELIVERY | AQ29: LIVE | AR29: Target Atlanta | AS29: TGT-ATL | AT29: 3900 Crown Rd SW | AV29: Atlanta | AW29: GA | AX29: 30336 | AY29: US | AZ29: APPOINTMENT | BA29: 2025-01-17T10:00:00Z | BB29: 2025-01-17T14:00:00Z | BC29: 2025-01-17T10:00:00Z | BD29: 2025-01-17T14:00:00Z | BE29: 2025-01-17T10:00:00Z | BF29: 2025-01-17T10:30:00Z
A30: TC29 | B30: Same address, different address2 (Dock B) | C30: Should match TC01 - different dock still same NormalizedLocation | D30: 20251229 | E30: 29 | F30: =D30&"-SHIP-"&TEXT(E30,"000") -> 20251229-SHIP-029 | G30: =D30&"-TNDR-"&TEXT(E30,"000") -> 20251229-TNDR-029 | H30: SHIPMENT | I30: COMPLETED | J30: SPOT | K30: TRUCKLOAD | L30: DRY_VAN | M30: 500 | N30: MILES | O30: 40000 | P30: LB | Q30: Test Carrier 1 Inc | R30: CAR1 | V30: 1 | W30: PICKUP | X30: LIVE | Y30: Amazon OAK4 Shipping | Z30: OAK4-SHP | AA30: 1555 N. Chrisman Road | AB30: Dock B | AC30: Tracy | AD30: CA | AE30: 95304 | AF30: US | AG30: APPOINTMENT | AH30: 2025-01-15T08:00:00Z | AI30: 2025-01-15T10:00:00Z | AJ30: 2025-01-15T08:00:00Z | AK30: 2025-01-15T10:00:00Z | AL30: 2025-01-15T08:00:00Z | AM30: 2025-01-15T08:30:00Z | AO30: 2 | AP30: DELIVERY | AQ30: LIVE | AR30: Kroger Louisville | AS30: KRG-LOU | AT30: 3901 Produce Rd | AV30: Louisville | AW30: KY | AX30: 40213 | AY30: US | AZ30: APPOINTMENT | BA30: 2025-01-17T10:00:00Z | BB30: 2025-01-17T14:00:00Z | BC30: 2025-01-17T10:00:00Z | BD30: 2025-01-17T14:00:00Z | BE30: 2025-01-17T10:00:00Z | BF30: 2025-01-17T10:30:00Z
A31: TC30 | B31: Same address, Building identifier in address2 | C31: Should match TC01 - Building C in address2 ignored for dedup | D31: 20251229 | E31: 30 | F31: =D31&"-SHIP-"&TEXT(E31,"000") -> 20251229-SHIP-030 | G31: =D31&"-TNDR-"&TEXT(E31,"000") -> 20251229-TNDR-030 | H31: SHIPMENT | I31: COMPLETED | J31: SPOT | K31: TRUCKLOAD | L31: DRY_VAN | M31: 500 | N31: MILES | O31: 40000 | P31: LB | Q31: Test Carrier 2 Inc | R31: CAR2 | V31: 1 | W31: PICKUP | X31: LIVE | Y31: Tracy Campus Bldg C | Z31: TRC-BLDC | AA31: 1555 N. Chrisman Road | AB31: Building C | AC31: Tracy | AD31: CA | AE31: 95304 | AF31: US | AG31: APPOINTMENT | AH31: 2025-01-15T08:00:00Z | AI31: 2025-01-15T10:00:00Z | AJ31: 2025-01-15T08:00:00Z | AK31: 2025-01-15T10:00:00Z | AL31: 2025-01-15T08:00:00Z | AM31: 2025-01-15T08:30:00Z | AO31: 2 | AP31: DELIVERY | AQ31: LIVE | AR31: CVS Atlanta DC | AS31: CVS-ATL | AT31: 4100 Wendell Dr SW | AV31: Atlanta | AW31: GA | AX31: 30336 | AY31: US | AZ31: APPOINTMENT | BA31: 2025-01-17T10:00:00Z | BB31: 2025-01-17T14:00:00Z | BC31: 2025-01-17T10:00:00Z | BD31: 2025-01-17T14:00:00Z | BE31: 2025-01-17T10:00:00Z | BF31: 2025-01-17T10:30:00Z
A32: TC31 | B32: Graceful Failure - Invalid Address | C32: Google Places fails, system uses user address, lat/long=null, flagged for review | D32: 20251229 | E32: 31 | F32: =D32&"-SHIP-"&TEXT(E32,"000") -> 20251229-SHIP-031 | G32: =D32&"-TNDR-"&TEXT(E32,"000") -> 20251229-TNDR-031 | H32: SHIPMENT | I32: COMPLETED | J32: SPOT | K32: TRUCKLOAD | L32: DRY_VAN | M32: 500 | N32: MILES | O32: 40000 | P32: LB | Q32: Test Carrier 1 Inc | R32: CAR1 | V32: 1 | W32: PICKUP | X32: LIVE | Y32: Unknown Facility | Z32: UNK-001 | AA32: 123 Fake Street | AC32: Nowhere | AD32: XX | AE32: 00000 | AF32: US | AG32: APPOINTMENT | AH32: 2025-01-15T08:00:00Z | AI32: 2025-01-15T10:00:00Z | AJ32: 2025-01-15T08:00:00Z | AK32: 2025-01-15T10:00:00Z | AL32: 2025-01-15T08:00:00Z | AM32: 2025-01-15T08:30:00Z | AO32: 2 | AP32: DELIVERY | AQ32: LIVE | AR32: Amazon BFI1 | AS32: BFI1 | AT32: 1800 140th Avenue Suite A | AV32: Sumner | AW32: WA | AX32: 98390 | AY32: US | AZ32: APPOINTMENT | BA32: 2025-01-17T10:00:00Z | BB32: 2025-01-17T14:00:00Z | BC32: 2025-01-17T10:00:00Z | BD32: 2025-01-17T14:00:00Z | BE32: 2025-01-17T10:00:00Z | BF32: 2025-01-17T10:30:00Z
A33: TC32 | B33: Graceful Failure - PO Box | C33: PO Box cannot be geocoded precisely, graceful failure expected | D33: 20251229 | E33: 32 | F33: =D33&"-SHIP-"&TEXT(E33,"000") -> 20251229-SHIP-032 | G33: =D33&"-TNDR-"&TEXT(E33,"000") -> 20251229-TNDR-032 | H33: SHIPMENT | I33: COMPLETED | J33: SPOT | K33: TRUCKLOAD | L33: DRY_VAN | M33: 500 | N33: MILES | O33: 40000 | P33: LB | Q33: Test Carrier 2 Inc | R33: CAR2 | V33: 1 | W33: PICKUP | X33: LIVE | Y33: Seattle Mail Center | Z33: SEA-PO | AA33: PO Box 80387 | AC33: Seattle | AD33: WA | AE33: 98108 | AF33: US | AG33: APPOINTMENT | AH33: 2025-01-15T08:00:00Z | AI33: 2025-01-15T10:00:00Z | AJ33: 2025-01-15T08:00:00Z | AK33: 2025-01-15T10:00:00Z | AL33: 2025-01-15T08:00:00Z | AM33: 2025-01-15T08:30:00Z | AO33: 2 | AP33: DELIVERY | AQ33: LIVE | AR33: Amazon MKE1 | AS33: MKE1 | AT33: 3501 120th Ave | AV33: Kenosha | AW33: WI | AX33: 53144 | AY33: US | AZ33: APPOINTMENT | BA33: 2025-01-17T10:00:00Z | BB33: 2025-01-17T14:00:00Z | BC33: 2025-01-17T10:00:00Z | BD33: 2025-01-17T14:00:00Z | BE33: 2025-01-17T10:00:00Z | BF33: 2025-01-17T10:30:00Z
A34: TC33 | B34: Graceful Failure - Incomplete Address | C34: Missing street number, graceful failure expected | D34: 20251229 | E34: 33 | F34: =D34&"-SHIP-"&TEXT(E34,"000") -> 20251229-SHIP-033 | G34: =D34&"-TNDR-"&TEXT(E34,"000") -> 20251229-TNDR-033 | H34: SHIPMENT | I34: COMPLETED | J34: SPOT | K34: TRUCKLOAD | L34: DRY_VAN | M34: 500 | N34: MILES | O34: 40000 | P34: LB | Q34: Test Carrier 1 Inc | R34: CAR1 | V34: 1 | W34: PICKUP | X34: LIVE | Y34: Partial Address Test | Z34: PAT-001 | AA34: Main Street | AC34: Anytown | AD34: CA | AE34: 90210 | AF34: US | AG34: APPOINTMENT | AH34: 2025-01-15T08:00:00Z | AI34: 2025-01-15T10:00:00Z | AJ34: 2025-01-15T08:00:00Z | AK34: 2025-01-15T10:00:00Z | AL34: 2025-01-15T08:00:00Z | AM34: 2025-01-15T08:30:00Z | AO34: 2 | AP34: DELIVERY | AQ34: LIVE | AR34: Amazon JAX1 | AS34: JAX1 | AT34: 12900 Pecan Park Road | AV34: Jacksonville | AW34: FL | AX34: 32218 | AY34: US | AZ34: APPOINTMENT | BA34: 2025-01-17T10:00:00Z | BB34: 2025-01-17T14:00:00Z | BC34: 2025-01-17T10:00:00Z | BD34: 2025-01-17T14:00:00Z | BE34: 2025-01-17T10:00:00Z | BF34: 2025-01-17T10:30:00Z
A35: TC34 | B35: Location Naming - First Name Becomes Canonical | C35: Creates new location, canonical name = "Phoenix Crossdock" (first user name) | D35: 20251229 | E35: 34 | F35: =D35&"-SHIP-"&TEXT(E35,"000") -> 20251229-SHIP-034 | G35: =D35&"-TNDR-"&TEXT(E35,"000") -> 20251229-TNDR-034 | H35: SHIPMENT | I35: COMPLETED | J35: SPOT | K35: TRUCKLOAD | L35: DRY_VAN | M35: 500 | N35: MILES | O35: 40000 | P35: LB | Q35: Test Carrier 2 Inc | R35: CAR2 | V35: 1 | W35: PICKUP | X35: LIVE | Y35: Phoenix Crossdock | Z35: PHX-CD | AA35: 2700 S 24th St | AC35: Phoenix | AD35: AZ | AE35: 85034 | AF35: US | AG35: APPOINTMENT | AH35: 2025-01-15T08:00:00Z | AI35: 2025-01-15T10:00:00Z | AJ35: 2025-01-15T08:00:00Z | AK35: 2025-01-15T10:00:00Z | AL35: 2025-01-15T08:00:00Z | AM35: 2025-01-15T08:30:00Z | AO35: 2 | AP35: DELIVERY | AQ35: LIVE | AR35: Tucson Distribution | AS35: TUS-DC | AT35: 7200 Commerce Blvd | AV35: Tucson | AW35: AZ | AX35: 85713 | AY35: US | AZ35: APPOINTMENT | BA35: 2025-01-17T10:00:00Z | BB35: 2025-01-17T14:00:00Z | BC35: 2025-01-17T10:00:00Z | BD35: 2025-01-17T14:00:00Z | BE35: 2025-01-17T10:00:00Z | BF35: 2025-01-17T10:30:00Z
A36: TC35 | B36: Location Naming - Second Name Different | C36: Matches TC34, canonical stays "Phoenix Crossdock", user sees "Schneider Phoenix" | D36: 20251229 | E36: 35 | F36: =D36&"-SHIP-"&TEXT(E36,"000") -> 20251229-SHIP-035 | G36: =D36&"-TNDR-"&TEXT(E36,"000") -> 20251229-TNDR-035 | H36: SHIPMENT | I36: COMPLETED | J36: SPOT | K36: TRUCKLOAD | L36: DRY_VAN | M36: 500 | N36: MILES | O36: 40000 | P36: LB | Q36: Test Carrier 1 Inc | R36: CAR1 | V36: 1 | W36: PICKUP | X36: LIVE | Y36: Schneider Phoenix | Z36: SCH-PHX | AA36: 2700 S 24th St | AC36: Phoenix | AD36: AZ | AE36: 85034 | AF36: US | AG36: APPOINTMENT | AH36: 2025-01-15T08:00:00Z | AI36: 2025-01-15T10:00:00Z | AJ36: 2025-01-15T08:00:00Z | AK36: 2025-01-15T10:00:00Z | AL36: 2025-01-15T08:00:00Z | AM36: 2025-01-15T08:30:00Z | AO36: 2 | AP36: DELIVERY | AQ36: LIVE | AR36: LA Port Terminal | AS36: LAX-PT | AT36: 300 E Ocean Blvd | AV36: Long Beach | AW36: CA | AX36: 90802 | AY36: US | AZ36: APPOINTMENT | BA36: 2025-01-17T10:00:00Z | BB36: 2025-01-17T14:00:00Z | BC36: 2025-01-17T10:00:00Z | BD36: 2025-01-17T14:00:00Z | BE36: 2025-01-17T10:00:00Z | BF36: 2025-01-17T10:30:00Z
A37: TC36 | B37: Location Naming - Third Name Different | C37: Matches TC34, canonical still "Phoenix Crossdock", user sees "AZ Central Hub" | D37: 20251229 | E37: 36 | F37: =D37&"-SHIP-"&TEXT(E37,"000") -> 20251229-SHIP-036 | G37: =D37&"-TNDR-"&TEXT(E37,"000") -> 20251229-TNDR-036 | H37: SHIPMENT | I37: COMPLETED | J37: SPOT | K37: TRUCKLOAD | L37: DRY_VAN | M37: 500 | N37: MILES | O37: 40000 | P37: LB | Q37: Test Carrier 2 Inc | R37: CAR2 | V37: 1 | W37: PICKUP | X37: LIVE | Y37: AZ Central Hub | Z37: AZ-HUB | AA37: 2700 S 24th St | AC37: Phoenix | AD37: AZ | AE37: 85034 | AF37: US | AG37: APPOINTMENT | AH37: 2025-01-15T08:00:00Z | AI37: 2025-01-15T10:00:00Z | AJ37: 2025-01-15T08:00:00Z | AK37: 2025-01-15T10:00:00Z | AL37: 2025-01-15T08:00:00Z | AM37: 2025-01-15T08:30:00Z | AO37: 2 | AP37: DELIVERY | AQ37: LIVE | AR37: Riverside DC | AS37: RIV-DC | AT37: 7177 Jurupa Ave | AV37: Riverside | AW37: CA | AX37: 92504 | AY37: US | AZ37: APPOINTMENT | BA37: 2025-01-17T10:00:00Z | BB37: 2025-01-17T14:00:00Z | BC37: 2025-01-17T10:00:00Z | BD37: 2025-01-17T14:00:00Z | BE37: 2025-01-17T10:00:00Z | BF37: 2025-01-17T10:30:00Z
A38: TC37 | B38: Coordinate Proximity - Same Physical Location | C38: Amazon EWR6 and EWR7 are same address - Tier 1 or 2 match | D38: 20251229 | E38: 37 | F38: =D38&"-SHIP-"&TEXT(E38,"000") -> 20251229-SHIP-037 | G38: =D38&"-TNDR-"&TEXT(E38,"000") -> 20251229-TNDR-037 | H38: SHIPMENT | I38: COMPLETED | J38: SPOT | K38: TRUCKLOAD | L38: DRY_VAN | M38: 500 | N38: MILES | O38: 40000 | P38: LB | Q38: Test Carrier 1 Inc | R38: CAR1 | V38: 1 | W38: PICKUP | X38: LIVE | Y38: Amazon EWR7 | Z38: EWR7 | AA38: 275 Omar Avenue | AC38: Avenel | AD38: NJ | AE38: 07001 | AF38: US | AG38: APPOINTMENT | AH38: 2025-01-15T08:00:00Z | AI38: 2025-01-15T10:00:00Z | AJ38: 2025-01-15T08:00:00Z | AK38: 2025-01-15T10:00:00Z | AL38: 2025-01-15T08:00:00Z | AM38: 2025-01-15T08:30:00Z | AO38: 2 | AP38: DELIVERY | AQ38: LIVE | AR38: Philadelphia DC | AS38: PHL-DC | AT38: 4219 Richmond Street | AV38: Philadelphia | AW38: PA | AX38: 19137 | AY38: US | AZ38: APPOINTMENT | BA38: 2025-01-17T10:00:00Z | BB38: 2025-01-17T14:00:00Z | BC38: 2025-01-17T10:00:00Z | BD38: 2025-01-17T14:00:00Z | BE38: 2025-01-17T10:00:00Z | BF38: 2025-01-17T10:30:00Z
A39: TC38 | B39: Response Format - All Fields Present | C39: GET /loads returns: location_id, location_name (canonical), location_code (user), name (user), address fields, lat/long | D39: 20251229 | E39: 38 | F39: =D39&"-SHIP-"&TEXT(E39,"000") -> 20251229-SHIP-038 | G39: =D39&"-TNDR-"&TEXT(E39,"000") -> 20251229-TNDR-038 | H39: SHIPMENT | I39: COMPLETED | J39: SPOT | K39: TRUCKLOAD | L39: DRY_VAN | M39: 500 | N39: MILES | O39: 40000 | P39: LB | Q39: Test Carrier 2 Inc | R39: CAR2 | V39: 1 | W39: PICKUP | X39: LIVE | Y39: Jacksonville Hub | Z39: JAX-HUB | AA39: 12900 Pecan Park Road | AC39: Jacksonville | AD39: FL | AE39: 32218 | AF39: US | AG39: APPOINTMENT | AH39: 2025-01-15T08:00:00Z | AI39: 2025-01-15T10:00:00Z | AJ39: 2025-01-15T08:00:00Z | AK39: 2025-01-15T10:00:00Z | AL39: 2025-01-15T08:00:00Z | AM39: 2025-01-15T08:30:00Z | AO39: 2 | AP39: DELIVERY | AQ39: LIVE | AR39: Miami Distribution | AS39: MIA-DC | AT39: 1900 NW 132nd Place | AV39: Doral | AW39: FL | AX39: 33182 | AY39: US | AZ39: APPOINTMENT | BA39: 2025-01-17T10:00:00Z | BB39: 2025-01-17T14:00:00Z | BC39: 2025-01-17T10:00:00Z | BD39: 2025-01-17T14:00:00Z | BE39: 2025-01-17T10:00:00Z | BF39: 2025-01-17T10:30:00Z
A40: TC39 | B40: Audit Trail - Timestamps Present | C40: NormalizedLocation has created_at and updated_at, second use updates updated_at | D40: 20251229 | E40: 39 | F40: =D40&"-SHIP-"&TEXT(E40,"000") -> 20251229-SHIP-039 | G40: =D40&"-TNDR-"&TEXT(E40,"000") -> 20251229-TNDR-039 | H40: SHIPMENT | I40: COMPLETED | J40: SPOT | K40: TRUCKLOAD | L40: DRY_VAN | M40: 500 | N40: MILES | O40: 40000 | P40: LB | Q40: Test Carrier 1 Inc | R40: CAR1 | V40: 1 | W40: PICKUP | X40: LIVE | Y40: Memphis Sort Center | Z40: MEM-SC | AA40: 2777 Pilot Dr | AC40: Memphis | AD40: TN | AE40: 38118 | AF40: US | AG40: APPOINTMENT | AH40: 2025-01-15T08:00:00Z | AI40: 2025-01-15T10:00:00Z | AJ40: 2025-01-15T08:00:00Z | AK40: 2025-01-15T10:00:00Z | AL40: 2025-01-15T08:00:00Z | AM40: 2025-01-15T08:30:00Z | AO40: 2 | AP40: DELIVERY | AQ40: LIVE | AR40: Nashville Distribution | AS40: BNA-DIST | AT40: 50 Airways Blvd | AV40: Nashville | AW40: TN | AX40: 37217 | AY40: US | AZ40: APPOINTMENT | BA40: 2025-01-17T10:00:00Z | BB40: 2025-01-17T14:00:00Z | BC40: 2025-01-17T10:00:00Z | BD40: 2025-01-17T14:00:00Z | BE40: 2025-01-17T10:00:00Z | BF40: 2025-01-17T10:30:00Z
A41: TC40 | B41: Preserve User Input - Custom Code & Name | C41: GET /loads returns user original: location_code=CUST-001, name="My Custom Name" exactly as submitted | D41: 20251229 | E41: 40 | F41: =D41&"-SHIP-"&TEXT(E41,"000") -> 20251229-SHIP-040 | G41: =D41&"-TNDR-"&TEXT(E41,"000") -> 20251229-TNDR-040 | H41: SHIPMENT | I41: COMPLETED | J41: SPOT | K41: TRUCKLOAD | L41: DRY_VAN | M41: 500 | N41: MILES | O41: 40000 | P41: LB | Q41: Test Carrier 2 Inc | R41: CAR2 | V41: 1 | W41: PICKUP | X41: LIVE | Y41: My Custom Name | Z41: CUST-001 | AA41: 4100 Wendell Dr SW | AB41: Building C | AC41: Atlanta | AD41: GA | AE41: 30336 | AF41: US | AG41: APPOINTMENT | AH41: 2025-01-15T08:00:00Z | AI41: 2025-01-15T10:00:00Z | AJ41: 2025-01-15T08:00:00Z | AK41: 2025-01-15T10:00:00Z | AL41: 2025-01-15T08:00:00Z | AM41: 2025-01-15T08:30:00Z | AO41: 2 | AP41: DELIVERY | AQ41: LIVE | AR41: Client Warehouse | AS41: CL-WH-99 | AT41: 8250 N Stemmons Fwy | AU41: Suite 100 | AV41: Dallas | AW41: TX | AX41: 75247 | AY41: US | AZ41: APPOINTMENT | BA41: 2025-01-17T10:00:00Z | BB41: 2025-01-17T14:00:00Z | BC41: 2025-01-17T10:00:00Z | BD41: 2025-01-17T14:00:00Z | BE41: 2025-01-17T10:00:00Z | BF41: 2025-01-17T10:30:00Z

Sheet CSV Export
A1: EXTERNAL_SHIPMENT_ID | B1: EXTERNAL_TENDER_ID | C1: TYPE | D1: STATUS | E1: CONTRACT_TYPE | F1: MODE | G1: EQUIPMENT_TYPE | H1: LENGTH_OF_HAUL_VALUE | I1: LENGTH_OF_HAUL_UNIT | J1: WEIGHT_VALUE | K1: WEIGHT_UNIT | L1: CARRIER_NAME | M1: CARRIER_EXTERNAL_REFERENCE | N1: CARRIER_DOT | O1: CARRIER_SCAC | P1: CARRIER_DOCKET | Q1: ORIGIN_SEQUENCE_NUMBER | R1: ORIGIN_STOP_TYPE | S1: ORIGIN_LOADING_TYPE | T1: ORIGIN_LOCATION_NAME | U1: ORIGIN_LOCATION_CODE | V1: ORIGIN_LOCATION_ADDRESS1 | W1: ORIGIN_LOCATION_ADDRESS2 | X1: ORIGIN_LOCATION_CITY | Y1: ORIGIN_LOCATION_STATE | Z1: ORIGIN_LOCATION_POSTAL_CODE | AA1: ORIGIN_LOCATION_COUNTRY_CODE | AB1: ORIGIN_APPOINTMENT_TYPE | AC1: ORIGIN_APPOINTMENT_SCHEDULED_EARLIEST | AD1: ORIGIN_APPOINTMENT_SCHEDULED_LATEST | AE1: ORIGIN_APPOINTMENT_ORIGINAL_EARLIEST | AF1: ORIGIN_APPOINTMENT_ORIGINAL_LATEST | AG1: ORIGIN_ACTUAL_ARRIVED_AT | AH1: ORIGIN_ACTUAL_DEPARTED_AT | AI1: ORIGIN_NOTES | AJ1: DESTINATION_SEQUENCE_NUMBER | AK1: DESTINATION_STOP_TYPE | AL1: DESTINATION_LOADING_TYPE | AM1: DESTINATION_LOCATION_NAME | AN1: DESTINATION_LOCATION_CODE | AO1: DESTINATION_LOCATION_ADDRESS1 | AP1: DESTINATION_LOCATION_ADDRESS2 | AQ1: DESTINATION_LOCATION_CITY | AR1: DESTINATION_LOCATION_STATE | AS1: DESTINATION_LOCATION_POSTAL_CODE | AT1: DESTINATION_LOCATION_COUNTRY_CODE | AU1: DESTINATION_APPOINTMENT_TYPE | AV1: DESTINATION_APPOINTMENT_SCHEDULED_EARLIEST | AW1: DESTINATION_APPOINTMENT_SCHEDULED_LATEST | AX1: DESTINATION_APPOINTMENT_ORIGINAL_EARLIEST | AY1: DESTINATION_APPOINTMENT_ORIGINAL_LATEST | AZ1: DESTINATION_ACTUAL_ARRIVED_AT | BA1: DESTINATION_ACTUAL_DEPARTED_AT | BB1: DESTINATION_NOTES
A2: ='Test Cases'!F2 -> 20251229-SHIP-001 | B2: ='Test Cases'!G2 -> 20251229-TNDR-001 | C2: ='Test Cases'!H2 -> SHIPMENT | D2: ='Test Cases'!I2 -> COMPLETED | E2: ='Test Cases'!J2 -> SPOT | F2: ='Test Cases'!K2 -> TRUCKLOAD | G2: ='Test Cases'!L2 -> DRY_VAN | H2: ='Test Cases'!M2 -> 500 | ... M2: ='Test Cases'!R2 -> CAR1 | N2: =IF(ISBLANK('Test Cases'!S2),"",'Test Cases'!S2) | O2: =IF(ISBLANK('Test Cases'!T2),"",'Test Cases'!T2) | P2: =IF(ISBLANK('Test Cases'!U2),"",'Test Cases'!U2) | Q2: ='Test Cases'!V2 -> 1 | R2: ='Test Cases'!W2 -> PICKUP | S2: ='Test Cases'!X2 -> LIVE | T2: ='Test Cases'!Y2 -> Amazon OAK4 | U2: ='Test Cases'!Z2 -> OAK4 | V2: ='Test Cases'!AA2 -> 1555 N. Chrisman Road | W2: =IF(ISBLANK('Test Cases'!AB2),"",'Test Cases'!AB2) | X2: ='Test Cases'!AC2 -> Tracy | Y2: ='Test Cases'!AD2 -> CA | Z2: ='Test Cases'!AE2 -> 95304 | AA2: ='Test Cases'!AF2 -> US | AB2: ='Test Cases'!AG2 -> APPOINTMENT | AC2: ='Test Cases'!AH2 -> 2025-01-15T08:00:00Z | AD2: ='Test Cases'!AI2 -> 2025-01-15T10:00:00Z | AE2: ='Test Cases'!AJ2 -> 2025-01-15T08:00:00Z | ... AH2: ='Test Cases'!AM2 -> 2025-01-15T08:30:00Z | AI2: =IF(ISBLANK('Test Cases'!AN2),"",'Test Cases'!AN2) | AJ2: ='Test Cases'!AO2 -> 2 | AK2: ='Test Cases'!AP2 -> DELIVERY | AL2: ='Test Cases'!AQ2 -> LIVE | AM2: ='Test Cases'!AR2 -> Target DC Columbus | AN2: ='Test Cases'!AS2 -> TGT-COL | AO2: ='Test Cases'!AT2 -> 1501 Gateway Cir | AP2: =IF(ISBLANK('Test Cases'!AU2),"",'Test Cases'!AU2) | AQ2: ='Test Cases'!AV2 -> Grove City | AR2: ='Test Cases'!AW2 -> OH | AS2: ='Test Cases'!AX2 -> 43123 | AT2: ='Test Cases'!AY2 -> US | AU2: ='Test Cases'!AZ2 -> APPOINTMENT | AV2: ='Test Cases'!BA2 -> 2025-01-17T10:00:00Z | AW2: ='Test Cases'!BB2 -> 2025-01-17T14:00:00Z | AX2: ='Test Cases'!BC2 -> 2025-01-17T10:00:00Z | ... BA2: ='Test Cases'!BF2 -> 2025-01-17T10:30:00Z | BB2: =IF(ISBLANK('Test Cases'!BG2),"",'Test Cases'!BG2)
A3: ='Test Cases'!F3 -> 20251229-SHIP-002 | B3: ='Test Cases'!G3 -> 20251229-TNDR-002 | C3: ='Test Cases'!H3 -> SHIPMENT | D3: ='Test Cases'!I3 -> COMPLETED | E3: ='Test Cases'!J3 -> SPOT | F3: ='Test Cases'!K3 -> TRUCKLOAD | G3: ='Test Cases'!L3 -> DRY_VAN | H3: ='Test Cases'!M3 -> 500 | ... M3: ='Test Cases'!R3 -> CAR2 | N3: =IF(ISBLANK('Test Cases'!S3),"",'Test Cases'!S3) | O3: =IF(ISBLANK('Test Cases'!T3),"",'Test Cases'!T3) | P3: =IF(ISBLANK('Test Cases'!U3),"",'Test Cases'!U3) | Q3: ='Test Cases'!V3 -> 1 | R3: ='Test Cases'!W3 -> PICKUP | S3: ='Test Cases'!X3 -> LIVE | T3: ='Test Cases'!Y3 -> Amazon OAK4 | U3: ='Test Cases'!Z3 -> OAK4 | V3: ='Test Cases'!AA3 -> 1555 N. Chrisman Road | W3: =IF(ISBLANK('Test Cases'!AB3),"",'Test Cases'!AB3) | X3: ='Test Cases'!AC3 -> Tracy | Y3: ='Test Cases'!AD3 -> CA | Z3: ='Test Cases'!AE3 -> 95304 | AA3: ='Test Cases'!AF3 -> US | AB3: ='Test Cases'!AG3 -> APPOINTMENT | AC3: ='Test Cases'!AH3 -> 2025-01-15T08:00:00Z | AD3: ='Test Cases'!AI3 -> 2025-01-15T10:00:00Z | AE3: ='Test Cases'!AJ3 -> 2025-01-15T08:00:00Z | ... AH3: ='Test Cases'!AM3 -> 2025-01-15T08:30:00Z | AI3: =IF(ISBLANK('Test Cases'!AN3),"",'Test Cases'!AN3) | AJ3: ='Test Cases'!AO3 -> 2 | AK3: ='Test Cases'!AP3 -> DELIVERY | AL3: ='Test Cases'!AQ3 -> LIVE | AM3: ='Test Cases'!AR3 -> Walmart DC Phoenix | AN3: ='Test Cases'!AS3 -> WM-PHX | AO3: ='Test Cases'!AT3 -> 5765 W Lower Buckeye Rd | AP3: =IF(ISBLANK('Test Cases'!AU3),"",'Test Cases'!AU3) | AQ3: ='Test Cases'!AV3 -> Phoenix | AR3: ='Test Cases'!AW3 -> AZ | AS3: ='Test Cases'!AX3 -> 85043 | AT3: ='Test Cases'!AY3 -> US | AU3: ='Test Cases'!AZ3 -> APPOINTMENT | AV3: ='Test Cases'!BA3 -> 2025-01-17T10:00:00Z | AW3: ='Test Cases'!BB3 -> 2025-01-17T14:00:00Z | AX3: ='Test Cases'!BC3 -> 2025-01-17T10:00:00Z | ... BA3: ='Test Cases'!BF3 -> 2025-01-17T10:30:00Z | BB3: =IF(ISBLANK('Test Cases'!BG3),"",'Test Cases'!BG3)
A4: ='Test Cases'!F4 -> 20251229-SHIP-003 | B4: ='Test Cases'!G4 -> 20251229-TNDR-003 | C4: ='Test Cases'!H4 -> SHIPMENT | D4: ='Test Cases'!I4 -> COMPLETED | E4: ='Test Cases'!J4 -> SPOT | F4: ='Test Cases'!K4 -> TRUCKLOAD | G4: ='Test Cases'!L4 -> DRY_VAN | H4: ='Test Cases'!M4 -> 500 | ... M4: ='Test Cases'!R4 -> CAR1 | N4: =IF(ISBLANK('Test Cases'!S4),"",'Test Cases'!S4) | O4: =IF(ISBLANK('Test Cases'!T4),"",'Test Cases'!T4) | P4: =IF(ISBLANK('Test Cases'!U4),"",'Test Cases'!U4) | Q4: ='Test Cases'!V4 -> 1 | R4: ='Test Cases'!W4 -> PICKUP | S4: ='Test Cases'!X4 -> LIVE | T4: ='Test Cases'!Y4 -> Tracy Warehouse | U4: ='Test Cases'!Z4 -> TRC-WH | V4: ='Test Cases'!AA4 -> 1555 N. Chrisman Rd | W4: =IF(ISBLANK('Test Cases'!AB4),"",'Test Cases'!AB4) | X4: ='Test Cases'!AC4 -> Tracy | Y4: ='Test Cases'!AD4 -> CA | Z4: ='Test Cases'!AE4 -> 95304 | AA4: ='Test Cases'!AF4 -> US | AB4: ='Test Cases'!AG4 -> APPOINTMENT | AC4: ='Test Cases'!AH4 -> 2025-01-15T08:00:00Z | AD4: ='Test Cases'!AI4 -> 2025-01-15T10:00:00Z | AE4: ='Test Cases'!AJ4 -> 2025-01-15T08:00:00Z | ... AH4: ='Test Cases'!AM4 -> 2025-01-15T08:30:00Z | AI4: =IF(ISBLANK('Test Cases'!AN4),"",'Test Cases'!AN4) | AJ4: ='Test Cases'!AO4 -> 2 | AK4: ='Test Cases'!AP4 -> DELIVERY | AL4: ='Test Cases'!AQ4 -> LIVE | AM4: ='Test Cases'!AR4 -> Phoenix Hub | AN4: ='Test Cases'!AS4 -> PHX-HUB | AO4: ='Test Cases'!AT4 -> 2700 S 24th St | AP4: =IF(ISBLANK('Test Cases'!AU4),"",'Test Cases'!AU4) | AQ4: ='Test Cases'!AV4 -> Phoenix | AR4: ='Test Cases'!AW4 -> AZ | AS4: ='Test Cases'!AX4 -> 85034 | AT4: ='Test Cases'!AY4 -> US | AU4: ='Test Cases'!AZ4 -> APPOINTMENT | AV4: ='Test Cases'!BA4 -> 2025-01-17T10:00:00Z | AW4: ='Test Cases'!BB4 -> 2025-01-17T14:00:00Z | AX4: ='Test Cases'!BC4 -> 2025-01-17T10:00:00Z | ... BA4: ='Test Cases'!BF4 -> 2025-01-17T10:30:00Z | BB4: =IF(ISBLANK('Test Cases'!BG4),"",'Test Cases'!BG4)
A5: ='Test Cases'!F5 -> 20251229-SHIP-004 | B5: ='Test Cases'!G5 -> 20251229-TNDR-004 | C5: ='Test Cases'!H5 -> SHIPMENT | D5: ='Test Cases'!I5 -> COMPLETED | E5: ='Test Cases'!J5 -> SPOT | F5: ='Test Cases'!K5 -> TRUCKLOAD | G5: ='Test Cases'!L5 -> DRY_VAN | H5: ='Test Cases'!M5 -> 500 | ... M5: ='Test Cases'!R5 -> CAR2 | N5: =IF(ISBLANK('Test Cases'!S5),"",'Test Cases'!S5) | O5: =IF(ISBLANK('Test Cases'!T5),"",'Test Cases'!T5) | P5: =IF(ISBLANK('Test Cases'!U5),"",'Test Cases'!U5) | Q5: ='Test Cases'!V5 -> 1 | R5: ='Test Cases'!W5 -> PICKUP | S5: ='Test Cases'!X5 -> LIVE | T5: ='Test Cases'!Y5 -> Chrisman Road Facility | U5: ='Test Cases'!Z5 -> CRF-001 | V5: ='Test Cases'!AA5 -> 1555 North Chrisman Road | W5: =IF(ISBLANK('Test Cases'!AB5),"",'Test Cases'!AB5) | X5: ='Test Cases'!AC5 -> Tracy | Y5: ='Test Cases'!AD5 -> CA | Z5: ='Test Cases'!AE5 -> 95304 | AA5: ='Test Cases'!AF5 -> US | AB5: ='Test Cases'!AG5 -> APPOINTMENT | AC5: ='Test Cases'!AH5 -> 2025-01-15T08:00:00Z | AD5: ='Test Cases'!AI5 -> 2025-01-15T10:00:00Z | AE5: ='Test Cases'!AJ5 -> 2025-01-15T08:00:00Z | ... AH5: ='Test Cases'!AM5 -> 2025-01-15T08:30:00Z | AI5: =IF(ISBLANK('Test Cases'!AN5),"",'Test Cases'!AN5) | AJ5: ='Test Cases'!AO5 -> 2 | AK5: ='Test Cases'!AP5 -> DELIVERY | AL5: ='Test Cases'!AQ5 -> LIVE | AM5: ='Test Cases'!AR5 -> Dallas Terminal | AN5: ='Test Cases'!AS5 -> DAL-TRM | AO5: ='Test Cases'!AT5 -> 8250 N Stemmons Fwy | AP5: =IF(ISBLANK('Test Cases'!AU5),"",'Test Cases'!AU5) | AQ5: ='Test Cases'!AV5 -> Dallas | AR5: ='Test Cases'!AW5 -> TX | AS5: ='Test Cases'!AX5 -> 75247 | AT5: ='Test Cases'!AY5 -> US | AU5: ='Test Cases'!AZ5 -> APPOINTMENT | AV5: ='Test Cases'!BA5 -> 2025-01-17T10:00:00Z | AW5: ='Test Cases'!BB5 -> 2025-01-17T14:00:00Z | AX5: ='Test Cases'!BC5 -> 2025-01-17T10:00:00Z | ... BA5: ='Test Cases'!BF5 -> 2025-01-17T10:30:00Z | BB5: =IF(ISBLANK('Test Cases'!BG5),"",'Test Cases'!BG5)
A6: ='Test Cases'!F6 -> 20251229-SHIP-005 | B6: ='Test Cases'!G6 -> 20251229-TNDR-005 | C6: ='Test Cases'!H6 -> SHIPMENT | D6: ='Test Cases'!I6 -> COMPLETED | E6: ='Test Cases'!J6 -> SPOT | F6: ='Test Cases'!K6 -> TRUCKLOAD | G6: ='Test Cases'!L6 -> DRY_VAN | H6: ='Test Cases'!M6 -> 500 | ... M6: ='Test Cases'!R6 -> CAR1 | N6: =IF(ISBLANK('Test Cases'!S6),"",'Test Cases'!S6) | O6: =IF(ISBLANK('Test Cases'!T6),"",'Test Cases'!T6) | P6: =IF(ISBLANK('Test Cases'!U6),"",'Test Cases'!U6) | Q6: ='Test Cases'!V6 -> 1 | R6: ='Test Cases'!W6 -> PICKUP | S6: ='Test Cases'!X6 -> LIVE | T6: ='Test Cases'!Y6 -> Amazon EWR6 | U6: ='Test Cases'!Z6 -> EWR6 | V6: ='Test Cases'!AA6 -> 275 Omar Avenue | W6: =IF(ISBLANK('Test Cases'!AB6),"",'Test Cases'!AB6) | X6: ='Test Cases'!AC6 -> Avenel | Y6: ='Test Cases'!AD6 -> NJ | Z6: ='Test Cases'!AE6 -> 07001 | AA6: ='Test Cases'!AF6 -> US | AB6: ='Test Cases'!AG6 -> APPOINTMENT | AC6: ='Test Cases'!AH6 -> 2025-01-15T08:00:00Z | AD6: ='Test Cases'!AI6 -> 2025-01-15T10:00:00Z | AE6: ='Test Cases'!AJ6 -> 2025-01-15T08:00:00Z | ... AH6: ='Test Cases'!AM6 -> 2025-01-15T08:30:00Z | AI6: =IF(ISBLANK('Test Cases'!AN6),"",'Test Cases'!AN6) | AJ6: ='Test Cases'!AO6 -> 2 | AK6: ='Test Cases'!AP6 -> DELIVERY | AL6: ='Test Cases'!AQ6 -> LIVE | AM6: ='Test Cases'!AR6 -> Memphis Sort | AN6: ='Test Cases'!AS6 -> MEM-SRT | AO6: ='Test Cases'!AT6 -> 2777 Pilot Dr | AP6: =IF(ISBLANK('Test Cases'!AU6),"",'Test Cases'!AU6) | AQ6: ='Test Cases'!AV6 -> Memphis | AR6: ='Test Cases'!AW6 -> TN | AS6: ='Test Cases'!AX6 -> 38118 | AT6: ='Test Cases'!AY6 -> US | AU6: ='Test Cases'!AZ6 -> APPOINTMENT | AV6: ='Test Cases'!BA6 -> 2025-01-17T10:00:00Z | AW6: ='Test Cases'!BB6 -> 2025-01-17T14:00:00Z | AX6: ='Test Cases'!BC6 -> 2025-01-17T10:00:00Z | ... BA6: ='Test Cases'!BF6 -> 2025-01-17T10:30:00Z | BB6: =IF(ISBLANK('Test Cases'!BG6),"",'Test Cases'!BG6)
A7: ='Test Cases'!F7 -> 20251229-SHIP-006 | B7: ='Test Cases'!G7 -> 20251229-TNDR-006 | C7: ='Test Cases'!H7 -> SHIPMENT | D7: ='Test Cases'!I7 -> COMPLETED | E7: ='Test Cases'!J7 -> SPOT | F7: ='Test Cases'!K7 -> TRUCKLOAD | G7: ='Test Cases'!L7 -> DRY_VAN | H7: ='Test Cases'!M7 -> 500 | ... M7: ='Test Cases'!R7 -> CAR2 | N7: =IF(ISBLANK('Test Cases'!S7),"",'Test Cases'!S7) | O7: =IF(ISBLANK('Test Cases'!T7),"",'Test Cases'!T7) | P7: =IF(ISBLANK('Test Cases'!U7),"",'Test Cases'!U7) | Q7: ='Test Cases'!V7 -> 1 | R7: ='Test Cases'!W7 -> PICKUP | S7: ='Test Cases'!X7 -> LIVE | T7: ='Test Cases'!Y7 -> Avenel Warehouse | U7: ='Test Cases'!Z7 -> AVN-WH | V7: ='Test Cases'!AA7 -> 275 Omar Ave | W7: =IF(ISBLANK('Test Cases'!AB7),"",'Test Cases'!AB7) | X7: ='Test Cases'!AC7 -> Avenel | Y7: ='Test Cases'!AD7 -> NJ | Z7: ='Test Cases'!AE7 -> 07001 | AA7: ='Test Cases'!AF7 -> US | AB7: ='Test Cases'!AG7 -> APPOINTMENT | AC7: ='Test Cases'!AH7 -> 2025-01-15T08:00:00Z | AD7: ='Test Cases'!AI7 -> 2025-01-15T10:00:00Z | AE7: ='Test Cases'!AJ7 -> 2025-01-15T08:00:00Z | ... AH7: ='Test Cases'!AM7 -> 2025-01-15T08:30:00Z | AI7: =IF(ISBLANK('Test Cases'!AN7),"",'Test Cases'!AN7) | AJ7: ='Test Cases'!AO7 -> 2 | AK7: ='Test Cases'!AP7 -> DELIVERY | AL7: ='Test Cases'!AQ7 -> LIVE | AM7: ='Test Cases'!AR7 -> Nashville Hub | AN7: ='Test Cases'!AS7 -> BNA-HUB | AO7: ='Test Cases'!AT7 -> 50 Airways Blvd | AP7: =IF(ISBLANK('Test Cases'!AU7),"",'Test Cases'!AU7) | AQ7: ='Test Cases'!AV7 -> Nashville | AR7: ='Test Cases'!AW7 -> TN | AS7: ='Test Cases'!AX7 -> 37217 | AT7: ='Test Cases'!AY7 -> US | AU7: ='Test Cases'!AZ7 -> APPOINTMENT | AV7: ='Test Cases'!BA7 -> 2025-01-17T10:00:00Z | AW7: ='Test Cases'!BB7 -> 2025-01-17T14:00:00Z | AX7: ='Test Cases'!BC7 -> 2025-01-17T10:00:00Z | ... BA7: ='Test Cases'!BF7 -> 2025-01-17T10:30:00Z | BB7: =IF(ISBLANK('Test Cases'!BG7),"",'Test Cases'!BG7)
A8: ='Test Cases'!F8 -> 20251229-SHIP-007 | B8: ='Test Cases'!G8 -> 20251229-TNDR-007 | C8: ='Test Cases'!H8 -> SHIPMENT | D8: ='Test Cases'!I8 -> COMPLETED | E8: ='Test Cases'!J8 -> SPOT | F8: ='Test Cases'!K8 -> TRUCKLOAD | G8: ='Test Cases'!L8 -> DRY_VAN | H8: ='Test Cases'!M8 -> 500 | ... M8: ='Test Cases'!R8 -> CAR1 | N8: =IF(ISBLANK('Test Cases'!S8),"",'Test Cases'!S8) | O8: =IF(ISBLANK('Test Cases'!T8),"",'Test Cases'!T8) | P8: =IF(ISBLANK('Test Cases'!U8),"",'Test Cases'!U8) | Q8: ='Test Cases'!V8 -> 1 | R8: ='Test Cases'!W8 -> PICKUP | S8: ='Test Cases'!X8 -> LIVE | T8: ='Test Cases'!Y8 -> NJ Distribution | U8: ='Test Cases'!Z8 -> NJ-DIST | V8: ='Test Cases'!AA8 -> 275 Omar Av | W8: =IF(ISBLANK('Test Cases'!AB8),"",'Test Cases'!AB8) | X8: ='Test Cases'!AC8 -> Avenel | Y8: ='Test Cases'!AD8 -> NJ | Z8: ='Test Cases'!AE8 -> 07001 | AA8: ='Test Cases'!AF8 -> US | AB8: ='Test Cases'!AG8 -> APPOINTMENT | AC8: ='Test Cases'!AH8 -> 2025-01-15T08:00:00Z | AD8: ='Test Cases'!AI8 -> 2025-01-15T10:00:00Z | AE8: ='Test Cases'!AJ8 -> 2025-01-15T08:00:00Z | ... AH8: ='Test Cases'!AM8 -> 2025-01-15T08:30:00Z | AI8: =IF(ISBLANK('Test Cases'!AN8),"",'Test Cases'!AN8) | AJ8: ='Test Cases'!AO8 -> 2 | AK8: ='Test Cases'!AP8 -> DELIVERY | AL8: ='Test Cases'!AQ8 -> LIVE | AM8: ='Test Cases'!AR8 -> Atlanta DC | AN8: ='Test Cases'!AS8 -> ATL-DC | AO8: ='Test Cases'!AT8 -> 4100 Wendell Dr SW | AP8: =IF(ISBLANK('Test Cases'!AU8),"",'Test Cases'!AU8) | AQ8: ='Test Cases'!AV8 -> Atlanta | AR8: ='Test Cases'!AW8 -> GA | AS8: ='Test Cases'!AX8 -> 30336 | AT8: ='Test Cases'!AY8 -> US | AU8: ='Test Cases'!AZ8 -> APPOINTMENT | AV8: ='Test Cases'!BA8 -> 2025-01-17T10:00:00Z | AW8: ='Test Cases'!BB8 -> 2025-01-17T14:00:00Z | AX8: ='Test Cases'!BC8 -> 2025-01-17T10:00:00Z | ... BA8: ='Test Cases'!BF8 -> 2025-01-17T10:30:00Z | BB8: =IF(ISBLANK('Test Cases'!BG8),"",'Test Cases'!BG8)
A9: ='Test Cases'!F9 -> 20251229-SHIP-008 | B9: ='Test Cases'!G9 -> 20251229-TNDR-008 | C9: ='Test Cases'!H9 -> SHIPMENT | D9: ='Test Cases'!I9 -> COMPLETED | E9: ='Test Cases'!J9 -> SPOT | F9: ='Test Cases'!K9 -> TRUCKLOAD | G9: ='Test Cases'!L9 -> DRY_VAN | H9: ='Test Cases'!M9 -> 500 | ... M9: ='Test Cases'!R9 -> CAR2 | N9: =IF(ISBLANK('Test Cases'!S9),"",'Test Cases'!S9) | O9: =IF(ISBLANK('Test Cases'!T9),"",'Test Cases'!T9) | P9: =IF(ISBLANK('Test Cases'!U9),"",'Test Cases'!U9) | Q9: ='Test Cases'!V9 -> 1 | R9: ='Test Cases'!W9 -> PICKUP | S9: ='Test Cases'!X9 -> LIVE | T9: ='Test Cases'!Y9 -> Amazon OAK5 | U9: ='Test Cases'!Z9 -> OAK5 | V9: ='Test Cases'!AA9 -> 38811 Cherry Street | W9: =IF(ISBLANK('Test Cases'!AB9),"",'Test Cases'!AB9) | X9: ='Test Cases'!AC9 -> Newark | Y9: ='Test Cases'!AD9 -> CA | Z9: ='Test Cases'!AE9 -> 94560 | AA9: ='Test Cases'!AF9 -> US | AB9: ='Test Cases'!AG9 -> APPOINTMENT | AC9: ='Test Cases'!AH9 -> 2025-01-15T08:00:00Z | AD9: ='Test Cases'!AI9 -> 2025-01-15T10:00:00Z | AE9: ='Test Cases'!AJ9 -> 2025-01-15T08:00:00Z | ... AH9: ='Test Cases'!AM9 -> 2025-01-15T08:30:00Z | AI9: =IF(ISBLANK('Test Cases'!AN9),"",'Test Cases'!AN9) | AJ9: ='Test Cases'!AO9 -> 2 | AK9: ='Test Cases'!AP9 -> DELIVERY | AL9: ='Test Cases'!AQ9 -> LIVE | AM9: ='Test Cases'!AR9 -> Houston Terminal | AN9: ='Test Cases'!AS9 -> HOU-TRM | AO9: ='Test Cases'!AT9 -> 14444 Will Clayton Pkwy | AP9: =IF(ISBLANK('Test Cases'!AU9),"",'Test Cases'!AU9) | AQ9: ='Test Cases'!AV9 -> Houston | AR9: ='Test Cases'!AW9 -> TX | AS9: ='Test Cases'!AX9 -> 77032 | AT9: ='Test Cases'!AY9 -> US | AU9: ='Test Cases'!AZ9 -> APPOINTMENT | AV9: ='Test Cases'!BA9 -> 2025-01-17T10:00:00Z | AW9: ='Test Cases'!BB9 -> 2025-01-17T14:00:00Z | AX9: ='Test Cases'!BC9 -> 2025-01-17T10:00:00Z | ... BA9: ='Test Cases'!BF9 -> 2025-01-17T10:30:00Z | BB9: =IF(ISBLANK('Test Cases'!BG9),"",'Test Cases'!BG9)
A10: ='Test Cases'!F10 -> 20251229-SHIP-009 | B10: ='Test Cases'!G10 -> 20251229-TNDR-009 | C10: ='Test Cases'!H10 -> SHIPMENT | D10: ='Test Cases'!I10 -> COMPLETED | E10: ='Test Cases'!J10 -> SPOT | F10: ='Test Cases'!K10 -> TRUCKLOAD | G10: ='Test Cases'!L10 -> DRY_VAN | H10: ='Test Cases'!M10 -> 500 | ... M10: ='Test Cases'!R10 -> CAR1 | N10: =IF(ISBLANK('Test Cases'!S10),"",'Test Cases'!S10) | O10: =IF(ISBLANK('Test Cases'!T10),"",'Test Cases'!T10) | P10: =IF(ISBLANK('Test Cases'!U10),"",'Test Cases'!U10) | Q10: ='Test Cases'!V10 -> 1 | R10: ='Test Cases'!W10 -> PICKUP | S10: ='Test Cases'!X10 -> LIVE | T10: ='Test Cases'!Y10 -> Newark Fulfillment | U10: ='Test Cases'!Z10 -> NWK-FC | V10: ='Test Cases'!AA10 -> 38811 Cherry St | W10: =IF(ISBLANK('Test Cases'!AB10),"",'Test Cases'!AB10) | X10: ='Test Cases'!AC10 -> Newark | Y10: ='Test Cases'!AD10 -> CA | Z10: ='Test Cases'!AE10 -> 94560 | AA10: ='Test Cases'!AF10 -> US | AB10: ='Test Cases'!AG10 -> APPOINTMENT | AC10: ='Test Cases'!AH10 -> 2025-01-15T08:00:00Z | AD10: ='Test Cases'!AI10 -> 2025-01-15T10:00:00Z | AE10: ='Test Cases'!AJ10 -> 2025-01-15T08:00:00Z | ... AH10: ='Test Cases'!AM10 -> 2025-01-15T08:30:00Z | AI10: =IF(ISBLANK('Test Cases'!AN10),"",'Test Cases'!AN10) | AJ10: ='Test Cases'!AO10 -> 2 | AK10: ='Test Cases'!AP10 -> DELIVERY | AL10: ='Test Cases'!AQ10 -> LIVE | AM10: ='Test Cases'!AR10 -> Orlando DC | AN10: ='Test Cases'!AS10 -> ORL-DC | AO10: ='Test Cases'!AT10 -> 12340 Boggy Creek Rd | AP10: =IF(ISBLANK('Test Cases'!AU10),"",'Test Cases'!AU10) | AQ10: ='Test Cases'!AV10 -> Orlando | AR10: ='Test Cases'!AW10 -> FL | AS10: ='Test Cases'!AX10 -> 32824 | AT10: ='Test Cases'!AY10 -> US | AU10: ='Test Cases'!AZ10 -> APPOINTMENT | AV10: ='Test Cases'!BA10 -> 2025-01-17T10:00:00Z | AW10: ='Test Cases'!BB10 -> 2025-01-17T14:00:00Z | AX10: ='Test Cases'!BC10 -> 2025-01-17T10:00:00Z | ... BA10: ='Test Cases'!BF10 -> 2025-01-17T10:30:00Z | BB10: =IF(ISBLANK('Test Cases'!BG10),"",'Test Cases'!BG10)
A11: ='Test Cases'!F11 -> 20251229-SHIP-010 | B11: ='Test Cases'!G11 -> 20251229-TNDR-010 | C11: ='Test Cases'!H11 -> SHIPMENT | D11: ='Test Cases'!I11 -> COMPLETED | E11: ='Test Cases'!J11 -> SPOT | F11: ='Test Cases'!K11 -> TRUCKLOAD | G11: ='Test Cases'!L11 -> DRY_VAN | H11: ='Test Cases'!M11 -> 500 | ... M11: ='Test Cases'!R11 -> CAR2 | N11: =IF(ISBLANK('Test Cases'!S11),"",'Test Cases'!S11) | O11: =IF(ISBLANK('Test Cases'!T11),"",'Test Cases'!T11) | P11: =IF(ISBLANK('Test Cases'!U11),"",'Test Cases'!U11) | Q11: ='Test Cases'!V11 -> 1 | R11: ='Test Cases'!W11 -> PICKUP | S11: ='Test Cases'!X11 -> LIVE | T11: ='Test Cases'!Y11 -> Amazon OAK3 | U11: ='Test Cases'!Z11 -> OAK3 | V11: ='Test Cases'!AA11 -> 255 Park Center Drive | W11: =IF(ISBLANK('Test Cases'!AB11),"",'Test Cases'!AB11) | X11: ='Test Cases'!AC11 -> Patterson | Y11: ='Test Cases'!AD11 -> CA | Z11: ='Test Cases'!AE11 -> 95363 | AA11: ='Test Cases'!AF11 -> US | AB11: ='Test Cases'!AG11 -> APPOINTMENT | AC11: ='Test Cases'!AH11 -> 2025-01-15T08:00:00Z | AD11: ='Test Cases'!AI11 -> 2025-01-15T10:00:00Z | AE11: ='Test Cases'!AJ11 -> 2025-01-15T08:00:00Z | ... AH11: ='Test Cases'!AM11 -> 2025-01-15T08:30:00Z | AI11: =IF(ISBLANK('Test Cases'!AN11),"",'Test Cases'!AN11) | AJ11: ='Test Cases'!AO11 -> 2 | AK11: ='Test Cases'!AP11 -> DELIVERY | AL11: ='Test Cases'!AQ11 -> LIVE | AM11: ='Test Cases'!AR11 -> Chicago Hub | AN11: ='Test Cases'!AS11 -> CHI-HUB | AO11: ='Test Cases'!AT11 -> 1650 Glenn Curtiss St | AP11: =IF(ISBLANK('Test Cases'!AU11),"",'Test Cases'!AU11) | AQ11: ='Test Cases'!AV11 -> Elk Grove Village | AR11: ='Test Cases'!AW11 -> IL | AS11: ='Test Cases'!AX11 -> 60007 | AT11: ='Test Cases'!AY11 -> US | AU11: ='Test Cases'!AZ11 -> APPOINTMENT | AV11: ='Test Cases'!BA11 -> 2025-01-17T10:00:00Z | AW11: ='Test Cases'!BB11 -> 2025-01-17T14:00:00Z | AX11: ='Test Cases'!BC11 -> 2025-01-17T10:00:00Z | ... BA11: ='Test Cases'!BF11 -> 2025-01-17T10:30:00Z | BB11: =IF(ISBLANK('Test Cases'!BG11),"",'Test Cases'!BG11)
A12: ='Test Cases'!F12 -> 20251229-SHIP-011 | B12: ='Test Cases'!G12 -> 20251229-TNDR-011 | C12: ='Test Cases'!H12 -> SHIPMENT | D12: ='Test Cases'!I12 -> COMPLETED | E12: ='Test Cases'!J12 -> SPOT | F12: ='Test Cases'!K12 -> TRUCKLOAD | G12: ='Test Cases'!L12 -> DRY_VAN | H12: ='Test Cases'!M12 -> 500 | ... M12: ='Test Cases'!R12 -> CAR1 | N12: =IF(ISBLANK('Test Cases'!S12),"",'Test Cases'!S12) | O12: =IF(ISBLANK('Test Cases'!T12),"",'Test Cases'!T12) | P12: =IF(ISBLANK('Test Cases'!U12),"",'Test Cases'!U12) | Q12: ='Test Cases'!V12 -> 1 | R12: ='Test Cases'!W12 -> PICKUP | S12: ='Test Cases'!X12 -> LIVE | T12: ='Test Cases'!Y12 -> Patterson DC | U12: ='Test Cases'!Z12 -> PAT-DC | V12: ='Test Cases'!AA12 -> 255 Park Center Dr | W12: =IF(ISBLANK('Test Cases'!AB12),"",'Test Cases'!AB12) | X12: ='Test Cases'!AC12 -> Patterson | Y12: ='Test Cases'!AD12 -> CA | Z12: ='Test Cases'!AE12 -> 95363 | AA12: ='Test Cases'!AF12 -> US | AB12: ='Test Cases'!AG12 -> APPOINTMENT | AC12: ='Test Cases'!AH12 -> 2025-01-15T08:00:00Z | AD12: ='Test Cases'!AI12 -> 2025-01-15T10:00:00Z | AE12: ='Test Cases'!AJ12 -> 2025-01-15T08:00:00Z | ... AH12: ='Test Cases'!AM12 -> 2025-01-15T08:30:00Z | AI12: =IF(ISBLANK('Test Cases'!AN12),"",'Test Cases'!AN12) | AJ12: ='Test Cases'!AO12 -> 2 | AK12: ='Test Cases'!AP12 -> DELIVERY | AL12: ='Test Cases'!AQ12 -> LIVE | AM12: ='Test Cases'!AR12 -> Denver Crossdock | AN12: ='Test Cases'!AS12 -> DEN-CD | AO12: ='Test Cases'!AT12 -> 18901 E 39th Ave | AP12: =IF(ISBLANK('Test Cases'!AU12),"",'Test Cases'!AU12) | AQ12: ='Test Cases'!AV12 -> Denver | AR12: ='Test Cases'!AW12 -> CO | AS12: ='Test Cases'!AX12 -> 80249 | AT12: ='Test Cases'!AY12 -> US | AU12: ='Test Cases'!AZ12 -> APPOINTMENT | AV12: ='Test Cases'!BA12 -> 2025-01-17T10:00:00Z | AW12: ='Test Cases'!BB12 -> 2025-01-17T14:00:00Z | AX12: ='Test Cases'!BC12 -> 2025-01-17T10:00:00Z | ... BA12: ='Test Cases'!BF12 -> 2025-01-17T10:30:00Z | BB12: =IF(ISBLANK('Test Cases'!BG12),"",'Test Cases'!BG12)
A13: ='Test Cases'!F13 -> 20251229-SHIP-012 | B13: ='Test Cases'!G13 -> 20251229-TNDR-012 | C13: ='Test Cases'!H13 -> SHIPMENT | D13: ='Test Cases'!I13 -> COMPLETED | E13: ='Test Cases'!J13 -> SPOT | F13: ='Test Cases'!K13 -> TRUCKLOAD | G13: ='Test Cases'!L13 -> DRY_VAN | H13: ='Test Cases'!M13 -> 500 | ... M13: ='Test Cases'!R13 -> CAR2 | N13: =IF(ISBLANK('Test Cases'!S13),"",'Test Cases'!S13) | O13: =IF(ISBLANK('Test Cases'!T13),"",'Test Cases'!T13) | P13: =IF(ISBLANK('Test Cases'!U13),"",'Test Cases'!U13) | Q13: ='Test Cases'!V13 -> 1 | R13: ='Test Cases'!W13 -> PICKUP | S13: ='Test Cases'!X13 -> LIVE | T13: ='Test Cases'!Y13 -> Amazon BNA5 | U13: ='Test Cases'!Z13 -> BNA5 | V13: ='Test Cases'!AA13 -> 50 Airways Blvd | W13: =IF(ISBLANK('Test Cases'!AB13),"",'Test Cases'!AB13) | X13: ='Test Cases'!AC13 -> Nashville | Y13: ='Test Cases'!AD13 -> TN | Z13: ='Test Cases'!AE13 -> 37217 | AA13: ='Test Cases'!AF13 -> US | AB13: ='Test Cases'!AG13 -> APPOINTMENT | AC13: ='Test Cases'!AH13 -> 2025-01-15T08:00:00Z | AD13: ='Test Cases'!AI13 -> 2025-01-15T10:00:00Z | AE13: ='Test Cases'!AJ13 -> 2025-01-15T08:00:00Z | ... AH13: ='Test Cases'!AM13 -> 2025-01-15T08:30:00Z | AI13: =IF(ISBLANK('Test Cases'!AN13),"",'Test Cases'!AN13) | AJ13: ='Test Cases'!AO13 -> 2 | AK13: ='Test Cases'!AP13 -> DELIVERY | AL13: ='Test Cases'!AQ13 -> LIVE | AM13: ='Test Cases'!AR13 -> Jacksonville FC | AN13: ='Test Cases'!AS13 -> JAX-FC | AO13: ='Test Cases'!AT13 -> 12900 Pecan Park Road | AP13: =IF(ISBLANK('Test Cases'!AU13),"",'Test Cases'!AU13) | AQ13: ='Test Cases'!AV13 -> Jacksonville | AR13: ='Test Cases'!AW13 -> FL | AS13: ='Test Cases'!AX13 -> 32218 | AT13: ='Test Cases'!AY13 -> US | AU13: ='Test Cases'!AZ13 -> APPOINTMENT | AV13: ='Test Cases'!BA13 -> 2025-01-17T10:00:00Z | AW13: ='Test Cases'!BB13 -> 2025-01-17T14:00:00Z | AX13: ='Test Cases'!BC13 -> 2025-01-17T10:00:00Z | ... BA13: ='Test Cases'!BF13 -> 2025-01-17T10:30:00Z | BB13: =IF(ISBLANK('Test Cases'!BG13),"",'Test Cases'!BG13)
... A41: ='Test Cases'!F41 -> 20251229-SHIP-040 | B41: ='Test Cases'!G41 -> 20251229-TNDR-040 | C41: ='Test Cases'!H41 -> SHIPMENT | D41: ='Test Cases'!I41 -> COMPLETED | E41: ='Test Cases'!J41 -> SPOT | F41: ='Test Cases'!K41 -> TRUCKLOAD | G41: ='Test Cases'!L41 -> DRY_VAN | H41: ='Test Cases'!M41 -> 500 | ... M41: ='Test Cases'!R41 -> CAR2 | N41: =IF(ISBLANK('Test Cases'!S41),"",'Test Cases'!S41) | O41: =IF(ISBLANK('Test Cases'!T41),"",'Test Cases'!T41) | P41: =IF(ISBLANK('Test Cases'!U41),"",'Test Cases'!U41) | Q41: ='Test Cases'!V41 -> 1 | R41: ='Test Cases'!W41 -> PICKUP | S41: ='Test Cases'!X41 -> LIVE | T41: ='Test Cases'!Y41 -> My Custom Name | U41: ='Test Cases'!Z41 -> CUST-001 | V41: ='Test Cases'!AA41 -> 4100 Wendell Dr SW | W41: =IF(ISBLANK('Test Cases'!AB41),"",'Test Cases'!AB41) -> Building C | X41: ='Test Cases'!AC41 -> Atlanta | Y41: ='Test Cases'!AD41 -> GA | Z41: ='Test Cases'!AE41 -> 30336 | AA41: ='Test Cases'!AF41 -> US | AB41: ='Test Cases'!AG41 -> APPOINTMENT | AC41: ='Test Cases'!AH41 -> 2025-01-15T08:00:00Z | AD41: ='Test Cases'!AI41 -> 2025-01-15T10:00:00Z | AE41: ='Test Cases'!AJ41 -> 2025-01-15T08:00:00Z | ... AH41: ='Test Cases'!AM41 -> 2025-01-15T08:30:00Z | AI41: =IF(ISBLANK('Test Cases'!AN41),"",'Test Cases'!AN41) | AJ41: ='Test Cases'!AO41 -> 2 | AK41: ='Test Cases'!AP41 -> DELIVERY | AL41: ='Test Cases'!AQ41 -> LIVE | AM41: ='Test Cases'!AR41 -> Client Warehouse | AN41: ='Test Cases'!AS41 -> CL-WH-99 | AO41: ='Test Cases'!AT41 -> 8250 N Stemmons Fwy | AP41: =IF(ISBLANK('Test Cases'!AU41),"",'Test Cases'!AU41) -> Suite 100 | AQ41: ='Test Cases'!AV41 -> Dallas | AR41: ='Test Cases'!AW41 -> TX | AS41: ='Test Cases'!AX41 -> 75247 | AT41: ='Test Cases'!AY41 -> US | AU41: ='Test Cases'!AZ41 -> APPOINTMENT | AV41: ='Test Cases'!BA41 -> 2025-01-17T10:00:00Z | AW41: ='Test Cases'!BB41 -> 2025-01-17T14:00:00Z | AX41: ='Test Cases'!BC41 -> 2025-01-17T10:00:00Z | ... BA41: ='Test Cases'!BF41 -> 2025-01-17T10:30:00Z | BB41: =IF(ISBLANK('Test Cases'!BG41),"",'Test Cases'!BG41)
